epoch,true_warden_state,inferred_state,state_accuracy,alpha_storage_ratio,beta_timing_ratio,observation_feedback,storage_bits_sent,storage_errors,timing_bits_sent,timing_errors,epoch_sent_bits,epoch_goodput_bits,epoch_ber
1,0,0,1.0,0.7999,0.2001,0,51,0,13,0,64,64,0.0
2,0,0,1.0,0.8,0.2,0,51,0,13,0,64,64,0.0
3,1,0,0.0,0.8,0.2,1,51,2,13,2,64,60,0.0625
4,2,1,0.0,0.501,0.499,2,32,14,32,11,64,39,0.3906
5,2,2,1.0,0.2008,0.7992,2,13,7,51,24,64,33,0.4844
6,2,2,1.0,0.2,0.8,2,13,2,51,19,64,43,0.3281
7,1,2,0.0,0.2,0.8,1,13,2,51,9,64,53,0.1719
8,1,1,1.0,0.4993,0.5007,1,32,4,32,8,64,52,0.1875
9,0,1,0.0,0.5,0.5,0,32,0,32,0,64,64,0.0
10,0,0,1.0,0.7993,0.2007,0,51,0,13,0,64,64,0.0
11,2,0,0.0,0.8,0.2,2,51,17,13,5,64,42,0.3438
12,0,2,0.0,0.2003,0.7997,0,13,0,51,0,64,64,0.0
